set,n_features,auc_mean,auc_std,logloss_mean,logloss_std
tech_macro_10y_cross,37,0.5233673294232695,0.025181299261672615,0.7934487192326223,0.09051896865175091
tech_macro_10y,32,0.513200535149647,0.017626721456664038,0.8230598903410783,0.09203917348519379
tech_plus_macro,26,0.5085475788630003,0.01341134013351353,0.8002170725174759,0.07272087694649218
tech_macro_10y_cross_event,49,0.5064144924235446,0.011378687103927686,0.8188610060743698,0.05491779429259171
tech_only,17,0.5022920120685966,0.029394897144308034,0.8068465567317038,0.06329726279133328
tech_macro_event,44,0.5007157977377409,0.02766908736612513,0.8386755423698903,0.05817256439616271
tech_macro_all,53,0.49969112072004884,0.009309719148046054,0.8332115448601876,0.06416557773886442
