group,n_features,auc_mean,logloss_mean,delta_auc,delta_logloss
drop_base_tech,20,0.49521253459995124,0.8380427403675359,-0.027263448355661468,0.018969515061148412
drop_teny,31,0.5044587446283086,0.8479515042833015,-0.018017238327304064,0.028878278976913974
drop_cross_asset,32,0.5110054313818161,0.8543848169440048,-0.011470551573796617,0.03531159163761732
drop_macro_core,28,0.5121134527097386,0.828772232124012,-0.01036253024587408,0.009699006817624478
baseline,37,0.5224759829556127,0.8190732253063875,0.0,0.0
