group,auc_drop_mean,auc_drop_std,logloss_increase_mean,logloss_increase_std
base_tech,0.04220033599975348,0.02474512125817452,0.03136035119560563,0.016215247314663075
teny,0.011605863041568498,0.007254275310878375,0.005480093479495185,0.00450777231944954
cross_asset,0.005838381036050744,0.017140168811804156,0.005459600105507567,0.010584793046745818
macro_core,0.0019759251552843747,0.0068972824247182625,0.0013840289594680532,0.00450116916380276
